u_medio,v_medio,w_medio,viento_medio,alfa
-0.45404087436570273, -0.9533519210393987, -0.06919031952265729, 1.055951230381538, -2.697118919758924
