u_medio,v_medio,w_medio,viento_medio,alfa
-1.0254996375397212, -0.8082992248926438, -0.07028132493169033, 1.30575539193072, -2.2383008647506704
