u_medio,v_medio,w_medio,viento_medio,alfa
-0.06980733842636397, -0.8038694027770145, -0.06296631907655914, 0.8068947150770334, -3.0549708035637
