u_medio,v_medio,w_medio,viento_medio,alfa
-1.2159808732504263, -1.4453911782747222, -0.1342809345898629, 1.888852864133482, -2.442181948454684
