u_medio,v_medio,w_medio,viento_medio,alfa
-0.7165758657224206, -1.0698575252328022, -0.07657837506274107, 1.28766303652512, -2.5514334431630235
