u_medio,v_medio,w_medio,viento_medio,alfa
-0.5391917136006676, -0.808324875927061, -0.07280432721798216, 0.9716567341701096, -2.5533259066370024
